Wrist_x,Wrist_y,Wrist_z,Palm_x,Palm_y,Palm_z,thumb_base_x,thumb_base_y,thumb_base_z,thumb_first_joint_x,thumb_first_joint_y,thumb_first_joint_z,thumb_second_joint_x,thumb_second_joint_y,thumb_second_joint_z,thumb_tip_x,thumb_tip_y,thumb_tip_z,index_base_x,index_base_y,index_base_z,index_first_joint_x,index_first_joint_y,index_first_joint_z,index_second_joint_x,index_second_joint_y,index_second_joint_z,index_tip_x,index_tip_y,index_tip_z,middle_base_x,middle_base_y,middle_base_z,middle_first_joint_x,middle_first_joint_y,middle_first_joint_z,middle_second_joint_x,middle_second_joint_y,middle_second_joint_z,middle_tip_x,middle_tip_y,middle_tip_z,ring_base_x,ring_base_y,ring_base_z,ring_first_joint_x,ring_first_joint_y,ring_first_joint_z,ring_second_joint_x,ring_second_joint_y,ring_second_joint_z,ring_tip_x,ring_tip_y,ring_tip_z,pinky_base_x,pinky_base_y,pinky_base_z,pinky_first_joint_x,pinky_first_joint_y,pinky_first_joint_z,pinky_second_joint_x,pinky_second_joint_y,pinky_second_joint_z,pinky_tip_x,pinky_tip_y,pinky_tip_z,
0.33455847,-0.37905733,0.518588,0.34464133,-0.33682272,0.497579,0.33569253,-0.37512265,0.52617,0.31831192,-0.35645409,0.524454,0.30694742,-0.32074501,0.515022,0.29910633,-0.30086027,0.507056,0.34704917,-0.29355441,0.494497,0.33958406,-0.25167312,0.481979,0.33584379,-0.23093309,0.47572,0.33574405,-0.21430848,0.474703,0.35016618,-0.29800607,0.47903,0.30033365,-0.28577938,0.453117,0.30047715,-0.31219153,0.464954,0.31536512,-0.32439185,0.478044,0.35450071,-0.30616288,0.468393,0.30303578,-0.2934875,0.44071,0.30351939,-0.31494611,0.450173,0.32304313,-0.32988864,0.465132,0.3515494,-0.32463968,0.459692,0.31367506,-0.31347444,0.445164,0.31128379,-0.32552148,0.452526,0.32695084,-0.33800351,0.460493
0.32937321,-0.37568931,0.517395,0.3478731,-0.33509223,0.498439,0.33397352,-0.37258375,0.524381,0.31570313,-0.34685227,0.521723,0.30056076,-0.31293293,0.51272,0.29945119,-0.29171407,0.510191,0.34740974,-0.29208837,0.495843,0.33396636,-0.25004863,0.483684,0.32752675,-0.2300952,0.477605,0.32365483,-0.21401366,0.475976,0.35248156,-0.29667316,0.481702,0.30734096,-0.28263959,0.457243,0.30535229,-0.31429369,0.47143,0.31938869,-0.32709293,0.48473,0.35704481,-0.30158154,0.47195,0.31425194,-0.28280591,0.445921,0.31205836,-0.30461846,0.457317,0.32759309,-0.31875881,0.47238,0.36078138,-0.31921935,0.463921,0.32384223,-0.30588406,0.449817,0.32208046,-0.31456925,0.458625,0.33486723,-0.32373212,0.467005
0.32603271,-0.37297397,0.511863,0.34563698,-0.33624114,0.499384,0.32949228,-0.37059699,0.521198,0.31595974,-0.34792086,0.522898,0.30035986,-0.31377036,0.51282,0.30033758,-0.29342452,0.512123,0.34356627,-0.2944746,0.503804,0.34045882,-0.25516814,0.497297,0.34470843,-0.23985964,0.50252,0.34858557,-0.2255891,0.507269,0.35112152,-0.29513166,0.488367,0.3260716,-0.26287384,0.469547,0.3218724,-0.29173116,0.484963,0.32810287,-0.31282677,0.496609,0.3561175,-0.29996469,0.476902,0.33817503,-0.26598474,0.455617,0.33223826,-0.28489311,0.467989,0.33681292,-0.30701061,0.481526,0.36009556,-0.31333771,0.465742,0.32766178,-0.30736744,0.453446,0.33087158,-0.32498536,0.463106,0.33522075,-0.34436419,0.471179
0.33595247,-0.38527648,0.517426,0.34825164,-0.33648794,0.506516,0.32857948,-0.36985381,0.520792,0.31439851,-0.34695013,0.518347,0.29639455,-0.31016691,0.503196,0.2943086,-0.29099363,0.501815,0.33631156,-0.2903655,0.504175,0.32783066,-0.24945552,0.493331,0.32858007,-0.23616281,0.497902,0.32914981,-0.22331599,0.502058,0.3533376,-0.29452429,0.496883,0.33856624,-0.27296677,0.479205,0.34106711,-0.30270423,0.499818,0.34349502,-0.32419111,0.512683,0.36650757,-0.30233024,0.491969,0.35500858,-0.27923039,0.473862,0.35663487,-0.30529766,0.490589,0.36179219,-0.32556366,0.504583,0.38065571,-0.31925332,0.48816,0.37121745,-0.30821625,0.476079,0.36685353,-0.32256843,0.488805,0.36785555,-0.33235539,0.497991
0.33562144,-0.38605857,0.52382,0.33298643,-0.33886071,0.511649,0.30964067,-0.36910959,0.522666,0.30582126,-0.34619601,0.520071,0.2948762,-0.31167831,0.500593,0.28975904,-0.28903984,0.495843,0.31830917,-0.29112475,0.502688,0.30952244,-0.24781361,0.487727,0.31506297,-0.2340871,0.495899,0.32011241,-0.22093797,0.503327,0.33972205,-0.29907924,0.500904,0.34029972,-0.26458795,0.482565,0.34673838,-0.29350426,0.504062,0.34780051,-0.31644124,0.517443,0.35650124,-0.31002789,0.500649,0.35300452,-0.2686398,0.484552,0.36469165,-0.28315111,0.502143,0.37008597,-0.30844311,0.51567,0.37474475,-0.33058776,0.502487,0.34995818,-0.32998253,0.48766,0.34908996,-0.34694621,0.500775,0.34759649,-0.36095233,0.511078
0.33757421,-0.38438405,0.517559,0.34246685,-0.33472709,0.512148,0.32561915,-0.36756616,0.516664,0.3111651,-0.34230285,0.513249,0.28880028,-0.30829185,0.4942,0.28142662,-0.28610595,0.490011,0.31941918,-0.29399876,0.50767,0.30443767,-0.25332134,0.497141,0.30851564,-0.24176898,0.509124,0.31209459,-0.23057086,0.520018,0.3414507,-0.29544162,0.507371,0.3345845,-0.25488632,0.495332,0.35276851,-0.27714344,0.518114,0.36121472,-0.30162014,0.52962,0.36114459,-0.30098782,0.507666,0.35689525,-0.26743276,0.496567,0.37318743,-0.28325905,0.515159,0.38033722,-0.31181953,0.527068,0.3841998,-0.31507237,0.508957,0.38434182,-0.30385733,0.49827,0.38405147,-0.32252041,0.512243,0.38367509,-0.33382301,0.521423
0.33595513,-0.38680761,0.521013,0.33361671,-0.3412758,0.513034,0.31914013,-0.37089998,0.519889,0.30309998,-0.34604023,0.515968,0.28709569,-0.31091051,0.495445,0.2838825,-0.28923185,0.492028,0.31267488,-0.29809041,0.506685,0.29932622,-0.25643335,0.49436,0.30491016,-0.24238179,0.505811,0.30830201,-0.23094155,0.516221,0.33609125,-0.30240523,0.50599,0.33062584,-0.26009775,0.491774,0.34617785,-0.26984717,0.514177,0.35277612,-0.29144793,0.526352,0.35498994,-0.31042338,0.506214,0.35145341,-0.27288981,0.492999,0.36796664,-0.28197693,0.511277,0.3762107,-0.30869294,0.523915,0.37658708,-0.32770125,0.507874,0.36085976,-0.3217401,0.495538,0.35823493,-0.33931384,0.509241,0.35403395,-0.35340254,0.518895
0.33562868,-0.3861981,0.519623,0.34227038,-0.3379326,0.511372,0.32346443,-0.37054051,0.518023,0.30996889,-0.34632464,0.512394,0.28965054,-0.31255771,0.491057,0.2838267,-0.28918894,0.487253,0.32031224,-0.29435321,0.504239,0.30750635,-0.25490729,0.491418,0.31181963,-0.24322243,0.502972,0.31560742,-0.23179032,0.513476,0.34342975,-0.30112495,0.504087,0.3392185,-0.26026554,0.489542,0.35551513,-0.27193821,0.511906,0.35999916,-0.2965229,0.524187,0.36179936,-0.31105637,0.504785,0.35915718,-0.27328894,0.49134,0.37249757,-0.28685629,0.509591,0.37861603,-0.30961147,0.52231,0.38614155,-0.32716634,0.507045,0.37053843,-0.32097785,0.494364,0.36817735,-0.3385076,0.508031,0.36423289,-0.35265133,0.517792
0.33348046,-0.38354667,0.515618,0.34335634,-0.34014272,0.512833,0.32090823,-0.36854966,0.514371,0.30786668,-0.34439862,0.508924,0.28918397,-0.31205423,0.490266,0.28588594,-0.2915795,0.490321,0.3240013,-0.29820781,0.50951,0.31316316,-0.2595965,0.500458,0.31658831,-0.24694206,0.510664,0.31958235,-0.23470961,0.519943,0.34822966,-0.30492848,0.510373,0.34696546,-0.2662094,0.500722,0.36376501,-0.27824866,0.523785,0.36795381,-0.30167203,0.534515,0.367299,-0.31459634,0.511361,0.36761022,-0.27970978,0.502341,0.38176819,-0.29319711,0.521155,0.38674435,-0.3158519,0.532313,0.39067736,-0.3310094,0.513001,0.3776237,-0.32711544,0.503817,0.37538971,-0.34513874,0.517983,0.37109841,-0.35929855,0.527552
0.32076637,-0.38931819,0.532027,0.345396,-0.36045455,0.521053,0.31159469,-0.3686444,0.528756,0.32669029,-0.33930096,0.523268,0.34271883,-0.31533356,0.521978,0.35742973,-0.3017342,0.520167,0.36187134,-0.31573778,0.510088,0.34188872,-0.30243654,0.49444,0.34861589,-0.31082372,0.511547,0.34090901,-0.32435976,0.527099,0.37333088,-0.33746155,0.511364,0.36696917,-0.31791095,0.494177,0.36465862,-0.34100037,0.515986,0.35372031,-0.35958349,0.529049,0.37990558,-0.35839063,0.513509,0.39535016,-0.33937075,0.4975,0.39430099,-0.35324959,0.515292,0.38618729,-0.36683419,0.528864,0.38220897,-0.3883029,0.517931,0.3678685,-0.36953468,0.503013,0.3616999,-0.38259324,0.516276,0.35665054,-0.39418862,0.526668
0.31823529,-0.38930178,0.531479,0.34757538,-0.36323172,0.527834,0.31075348,-0.37173651,0.526961,0.30920051,-0.33909899,0.518299,0.30582101,-0.30524409,0.50151,0.31297307,-0.28741476,0.501571,0.3546653,-0.31777042,0.519752,0.37542818,-0.28675398,0.510074,0.38453603,-0.28319828,0.505234,0.39213134,-0.30059749,0.516688,0.37289108,-0.33612096,0.524616,0.39628777,-0.31862259,0.514462,0.41076341,-0.3081173,0.508538,0.42456956,-0.32468161,0.520129,0.38458513,-0.35382184,0.528984,0.40366864,-0.35435593,0.521501,0.41849328,-0.38104361,0.539978,0.41165501,-0.40197678,0.550381,0.39266878,-0.37906438,0.53471,0.39402722,-0.40132637,0.538069,0.39767261,-0.4221974,0.552301,0.39852285,-0.43838212,0.561724
0.31877002,-0.39148027,0.534193,0.34490242,-0.36060346,0.524922,0.31204922,-0.37415104,0.530815,0.31205341,-0.34140336,0.522153,0.30728298,-0.30538144,0.502292,0.31358815,-0.28666325,0.500727,0.35132986,-0.31478195,0.514864,0.36833877,-0.28133905,0.500442,0.37540049,-0.27647025,0.493231,0.3819199,-0.29276968,0.503233,0.36729077,-0.33107289,0.516737,0.38602435,-0.31037062,0.501138,0.39743661,-0.29812074,0.492039,0.40985698,-0.31343044,0.502105,0.37747554,-0.34728096,0.519205,0.3914928,-0.34366752,0.505771,0.40600617,-0.36967393,0.523866,0.40128774,-0.39185325,0.53652,0.38458643,-0.37126205,0.523704,0.38178611,-0.3888585,0.521353,0.38574894,-0.40953838,0.535741,0.38909478,-0.42801108,0.548435
0.3204176,-0.39290756,0.537738,0.34913273,-0.35810968,0.527353,0.31284419,-0.37286143,0.53452,0.32310722,-0.33596688,0.528444,0.32445362,-0.30167148,0.513808,0.33387209,-0.28525126,0.507218,0.36091121,-0.31235141,0.516817,0.37587432,-0.27749049,0.501491,0.37714729,-0.27612981,0.493827,0.3839794,-0.29190937,0.503488,0.37420032,-0.33030686,0.518183,0.39070582,-0.31836749,0.501881,0.37388718,-0.3301989,0.492371,0.36653711,-0.34513633,0.502172,0.37957677,-0.34792079,0.520345,0.39896376,-0.34195607,0.505795,0.40763394,-0.36864801,0.523733,0.40288288,-0.3903561,0.536775,0.38567012,-0.37222504,0.524683,0.38220994,-0.38839475,0.521295,0.38568008,-0.40909369,0.53565,0.38863252,-0.42725069,0.548317
0.32056549,-0.39440076,0.538509,0.3471964,-0.36356515,0.527648,0.31428914,-0.37600936,0.534975,0.31896575,-0.3452284,0.527662,0.32228371,-0.31041724,0.511839,0.33221565,-0.2944947,0.506353,0.35984459,-0.32141399,0.516412,0.37414017,-0.28571429,0.500615,0.37779929,-0.28289715,0.492716,0.3826447,-0.2942007,0.502183,0.37587335,-0.34055751,0.518059,0.38968694,-0.32697021,0.501377,0.37290679,-0.33882928,0.491645,0.36557194,-0.35391534,0.501289,0.38189317,-0.35664247,0.5205,0.39853462,-0.35062282,0.505682,0.41066533,-0.37604855,0.523534,0.40274913,-0.39357745,0.53665,0.38677791,-0.38194244,0.525246,0.38373901,-0.39727869,0.52196,0.3863781,-0.41829296,0.536279,0.38917943,-0.43092911,0.548913
0.34565292,-0.39321435,0.531452,0.36437252,-0.34115541,0.517637,0.33692522,-0.36112337,0.530972,0.33407691,-0.3323571,0.525253,0.32904837,-0.30680018,0.515867,0.33138102,-0.28697761,0.509169,0.36629016,-0.29191376,0.508539,0.34213689,-0.28042539,0.490061,0.34440611,-0.30692135,0.506474,0.35552852,-0.32213734,0.522394,0.38116948,-0.30645555,0.50544,0.35138927,-0.29965641,0.485712,0.35199272,-0.33079587,0.50667,0.36496271,-0.3448288,0.523009,0.39172389,-0.32249009,0.504267,0.38078029,-0.29962138,0.487068,0.38092472,-0.32300488,0.504228,0.38179389,-0.3456068,0.518029,0.40093946,-0.34845617,0.505323,0.36930504,-0.33495838,0.489831,0.36298598,-0.34441886,0.502612,0.36020511,-0.35072953,0.513021
0.33936628,-0.38957175,0.525445,0.35522401,-0.35052633,0.514191,0.32796384,-0.37604514,0.528118,0.3306178,-0.35114536,0.528112,0.31778253,-0.32006292,0.510494,0.31844128,-0.30173408,0.503674,0.35848,-0.30680135,0.510744,0.35124256,-0.26765989,0.499154,0.34582498,-0.24934361,0.493359,0.35106562,-0.24021461,0.503479,0.37096156,-0.3159008,0.504255,0.37379749,-0.27368679,0.488212,0.3591358,-0.25977527,0.478853,0.35306228,-0.27291839,0.488073,0.37823765,-0.32909447,0.500036,0.39164038,-0.29253183,0.492534,0.38604311,-0.27892688,0.488696,0.38444783,-0.29082629,0.500799,0.38381818,-0.35187334,0.497096,0.34837902,-0.33890384,0.484483,0.34884037,-0.35401045,0.497294,0.34910654,-0.36614993,0.506701
0.34602489,-0.39320608,0.520724,0.3552504,-0.34869338,0.509282,0.35281229,-0.39216538,0.530677,0.34264335,-0.3731685,0.536267,0.32449484,-0.34422241,0.528065,0.32086862,-0.32495235,0.526901,0.35216994,-0.31386305,0.515138,0.34116444,-0.27369832,0.509801,0.33508335,-0.2549485,0.507132,0.33618356,-0.24281572,0.514798,0.35943001,-0.30782743,0.499181,0.31757327,-0.29954401,0.481331,0.30346695,-0.31535763,0.470919,0.31443434,-0.32929844,0.476195,0.36430382,-0.30935612,0.487184,0.34590631,-0.27201161,0.479438,0.32980985,-0.2725382,0.475475,0.3313197,-0.29404448,0.483642,0.37002796,-0.31960023,0.475223,0.35867326,-0.28764958,0.466818,0.35553672,-0.30140084,0.476431,0.35364641,-0.31738317,0.483117
0.34869602,-0.39630321,0.524757,0.35811611,-0.35167644,0.514969,0.33797879,-0.38355745,0.527913,0.32319552,-0.36011998,0.522063,0.29928325,-0.32601252,0.501459,0.29607288,-0.30910068,0.496634,0.33815842,-0.30759116,0.513047,0.32119959,-0.26746547,0.502715,0.31282014,-0.2477369,0.497549,0.31472977,-0.23713215,0.50814,0.35602279,-0.30747756,0.506328,0.34208262,-0.26001256,0.489682,0.33113704,-0.25507397,0.479972,0.33448834,-0.27493668,0.489126,0.37088462,-0.31213112,0.501772,0.35171238,-0.27959139,0.490171,0.33723206,-0.27857913,0.484236,0.34205201,-0.30190165,0.494921,0.38858804,-0.32608959,0.498184,0.37976533,-0.28865262,0.486637,0.381606,-0.29054861,0.494753,0.38891372,-0.30757688,0.506782
0.34873578,-0.39585991,0.521876,0.35276693,-0.34927387,0.51352,0.3368299,-0.38209663,0.523349,0.31886066,-0.35799945,0.519608,0.29489944,-0.32347529,0.503284,0.28885731,-0.30171518,0.498037,0.32698401,-0.30666673,0.510299,0.32302374,-0.27517247,0.517121,0.32100806,-0.2592755,0.520531,0.32171152,-0.24455258,0.523632,0.34822838,-0.3072899,0.506142,0.33962534,-0.26038902,0.492193,0.33090689,-0.25564899,0.484056,0.3346332,-0.27574869,0.494445,0.36575978,-0.31242573,0.503554,0.3507261,-0.27131496,0.491917,0.34436611,-0.27172534,0.485963,0.35396293,-0.2950305,0.497157,0.38646924,-0.32663613,0.502006,0.36840977,-0.31754834,0.490511,0.37918485,-0.3418003,0.504011,0.38994154,-0.35440113,0.513291
0.3485923,-0.39616897,0.521548,0.35230752,-0.35007679,0.51454,0.33462328,-0.38204636,0.521566,0.31642423,-0.35664318,0.517336,0.29382232,-0.32267667,0.501424,0.28783522,-0.30092482,0.496115,0.32619915,-0.30730097,0.510262,0.31936039,-0.27383938,0.513385,0.31580032,-0.2571549,0.514947,0.31023317,-0.24476524,0.516367,0.34917507,-0.30906598,0.508351,0.34068995,-0.2628766,0.49521,0.33362702,-0.26161349,0.487544,0.33851586,-0.28334508,0.498427,0.36813331,-0.31508571,0.507478,0.35743513,-0.27265825,0.496535,0.35308261,-0.26903674,0.490936,0.36012673,-0.29446582,0.502658,0.39044929,-0.33023499,0.50769,0.37364816,-0.30078297,0.496386,0.38627109,-0.31730281,0.510179,0.39762993,-0.33633172,0.519506
0.34797108,-0.39577752,0.520543,0.35138151,-0.34979534,0.514,0.33309302,-0.38187085,0.520242,0.31502887,-0.35556128,0.515663,0.29384935,-0.3217478,0.498323,0.28792125,-0.3004467,0.491664,0.32594973,-0.30703587,0.509597,0.31863308,-0.27313464,0.511935,0.31393119,-0.25684752,0.513104,0.3130179,-0.24299707,0.514166,0.34932771,-0.30917941,0.508224,0.34115417,-0.26334382,0.495418,0.33444524,-0.26277124,0.487948,0.34004414,-0.28482445,0.498972,0.36857377,-0.31547823,0.507746,0.3593711,-0.27363652,0.497953,0.35554289,-0.27043584,0.492943,0.36506042,-0.29251107,0.50511,0.39114138,-0.33089187,0.508336,0.37501271,-0.30280302,0.497187,0.38788475,-0.32011446,0.511044,0.39922564,-0.33910767,0.52034
0.34760672,-0.39558787,0.519944,0.35082649,-0.34966107,0.513717,0.33223538,-0.38200072,0.519655,0.3144298,-0.35518629,0.515088,0.29355683,-0.32141954,0.497877,0.28766875,-0.29988666,0.490896,0.32602404,-0.30705346,0.509521,0.31763889,-0.27220843,0.510133,0.31266584,-0.25575343,0.510439,0.30868029,-0.24434398,0.510717,0.34946878,-0.30927389,0.508218,0.34149668,-0.26366571,0.495688,0.33491474,-0.26346259,0.488378,0.34085862,-0.28569531,0.499498,0.36873412,-0.31561422,0.507767,0.35974766,-0.27374505,0.498021,0.35587123,-0.27057971,0.493035,0.36533372,-0.29269493,0.505226,0.39126055,-0.33103153,0.508334,0.37532912,-0.30343939,0.49738,0.38822214,-0.32101898,0.51127,0.39952729,-0.33997784,0.520512
0.34758321,-0.39565495,0.519848,0.35066498,-0.34974318,0.513842,0.33182219,-0.38228751,0.519543,0.31429621,-0.35513712,0.515078,0.29361261,-0.32138516,0.49793,0.28783386,-0.29978362,0.490876,0.32628404,-0.3072048,0.509762,0.31767978,-0.27216031,0.510014,0.31271916,-0.25573212,0.51014,0.30872561,-0.24485801,0.510254,0.34979043,-0.30949391,0.508539,0.34195545,-0.26403915,0.496198,0.33546672,-0.26376002,0.488999,0.34160486,-0.28596412,0.500184,0.36908616,-0.31587626,0.508133,0.360189,-0.27397662,0.498404,0.35628641,-0.27082699,0.493427,0.36572121,-0.2929569,0.50563,0.39160648,-0.33131149,0.508712,0.37578181,-0.30396357,0.497886,0.38868973,-0.32167796,0.5118,0.39996889,-0.34060991,0.521006
0.35154278,-0.39977176,0.525181,0.35968066,-0.35827355,0.526403,0.33685958,-0.38805347,0.527132,0.35370845,-0.37048991,0.539302,0.35550979,-0.34341053,0.540647,0.37807735,-0.33860292,0.549921,0.34702791,-0.32012902,0.529678,0.33769268,-0.31803425,0.525239,0.33682372,-0.33433096,0.523019,0.34896188,-0.3573292,0.53632,0.36962798,-0.32220141,0.527482,0.35958951,-0.31189072,0.522004,0.35368525,-0.33455109,0.518808,0.36758725,-0.35178582,0.531963,0.38759953,-0.32794441,0.525553,0.37731251,-0.28758937,0.520968,0.37444853,-0.28494439,0.518623,0.38511561,-0.30840133,0.532439,0.40407882,-0.34118481,0.523092,0.39834302,-0.32711752,0.517657,0.39179113,-0.32303227,0.51516,0.39919232,-0.32085179,0.524959
0.35401538,-0.40208738,0.528319,0.36240506,-0.36045373,0.529772,0.3379659,-0.3891396,0.528568,0.3520432,-0.36646349,0.535075,0.34775142,-0.34073456,0.541337,0.36120776,-0.32629188,0.545765,0.34820897,-0.32071864,0.530986,0.33928156,-0.31820703,0.525745,0.33699076,-0.333786,0.523124,0.34754596,-0.3573419,0.536246,0.37248379,-0.32426839,0.531055,0.36353836,-0.31435662,0.525438,0.35630928,-0.33661685,0.522161,0.36551395,-0.35587071,0.535338,0.39192152,-0.33122338,0.530967,0.38308504,-0.29519225,0.525681,0.37875057,-0.28827115,0.522977,0.38905896,-0.31120726,0.536642,0.41361325,-0.3465904,0.530609,0.40327392,-0.33296064,0.524664,0.40081697,-0.34455873,0.521932,0.40742246,-0.36565103,0.531635
0.34770969,-0.39439106,0.518904,0.35283071,-0.3415675,0.506967,0.3292854,-0.36569703,0.518681,0.3235953,-0.33337325,0.515641,0.3129793,-0.30152373,0.501631,0.31193249,-0.28081025,0.491735,0.34873031,-0.28996262,0.499354,0.3637572,-0.25759592,0.50082,0.36990348,-0.24144311,0.501553,0.37909817,-0.24278971,0.515995,0.36707469,-0.30034875,0.496427,0.3427743,-0.29826943,0.47904,0.3469656,-0.33339078,0.500513,0.35248601,-0.34325195,0.513543,0.3810327,-0.31326721,0.49521,0.38471118,-0.27218825,0.480152,0.37616067,-0.26763919,0.472448,0.37592076,-0.28679907,0.482396,0.39531033,-0.33620432,0.495885,0.36948772,-0.33093794,0.481575,0.37133448,-0.35303524,0.494673,0.37948074,-0.36671962,0.504789
0.35076476,-0.3980854,0.523965,0.35298788,-0.34932885,0.514554,0.33217458,-0.38324153,0.521385,0.32023707,-0.34693175,0.51906,0.30526123,-0.31572185,0.506552,0.30145036,-0.29460443,0.497979,0.34221061,-0.30092626,0.505442,0.35462142,-0.26878365,0.508815,0.35936692,-0.25266839,0.510501,0.36569195,-0.2544011,0.525665,0.36434313,-0.30923231,0.506245,0.36136775,-0.26608957,0.490521,0.3676013,-0.2833229,0.512661,0.36861866,-0.30679762,0.525298,0.38231236,-0.32077833,0.507846,0.37702035,-0.27646717,0.493277,0.3658338,-0.27428067,0.485823,0.36607824,-0.29248613,0.496282,0.40510589,-0.34475713,0.51136,0.39101422,-0.30253957,0.497623,0.38487028,-0.28555892,0.491311,0.3876622,-0.28814648,0.498528
0.35372445,-0.4016087,0.528811,0.35509758,-0.35126369,0.517533,0.33327756,-0.3846267,0.52358,0.32137319,-0.35100072,0.514475,0.30276363,-0.31584995,0.496096,0.29921462,-0.29385491,0.493962,0.33473096,-0.30065642,0.503846,0.35141855,-0.27926845,0.526245,0.35978779,-0.26807894,0.537444,0.36741045,-0.25763298,0.547625,0.36282788,-0.30919634,0.507576,0.35910766,-0.26384655,0.489839,0.368701,-0.27266311,0.51131,0.37172613,-0.29449567,0.524465,0.38355252,-0.32140044,0.511772,0.36542153,-0.28912484,0.494611,0.35716089,-0.29925651,0.485831,0.36466782,-0.32160075,0.495153,0.40655709,-0.34268858,0.518636,0.39026926,-0.3017128,0.502888,0.38244282,-0.28375991,0.495652,0.37993596,-0.28121901,0.491493
0.35649339,-0.40532841,0.533372,0.35659702,-0.35418668,0.520423,0.33577126,-0.38934092,0.527581,0.31533702,-0.3545227,0.515229,0.29423633,-0.32019115,0.497517,0.29065039,-0.29640678,0.490957,0.33382898,-0.30322545,0.504987,0.33405013,-0.27443622,0.513087,0.33483691,-0.26329565,0.517138,0.3354474,-0.25241745,0.52082,0.3574441,-0.31221732,0.508991,0.35065343,-0.26508463,0.489747,0.35946304,-0.2643917,0.499769,0.3670436,-0.28593513,0.516297,0.37935907,-0.32291875,0.51358,0.36625748,-0.29144329,0.494993,0.35863861,-0.30090992,0.485483,0.36539736,-0.32285601,0.494158,0.40579408,-0.34817754,0.521194,0.3882191,-0.31948633,0.504272,0.38082793,-0.30649033,0.496497,0.37468684,-0.3023219,0.489637
0.35424998,-0.40493184,0.529535,0.35570857,-0.36606495,0.519237,0.33383399,-0.38825182,0.524729,0.31493192,-0.36305248,0.513144,0.29621958,-0.32752453,0.49671,0.28803797,-0.30003505,0.489863,0.33329553,-0.31581927,0.506702,0.33443816,-0.28447086,0.513683,0.33486021,-0.27332999,0.517174,0.33514275,-0.26248985,0.520347,0.35904331,-0.32401458,0.510146,0.35320665,-0.27655438,0.493313,0.35210758,-0.26748819,0.490776,0.35842304,-0.28445453,0.504171,0.38027336,-0.3355264,0.514009,0.36883813,-0.30525402,0.497736,0.36327119,-0.31542581,0.489411,0.37053521,-0.3383238,0.499126,0.40510736,-0.35763944,0.520312,0.39024728,-0.32926901,0.505291,0.38002141,-0.31477009,0.498389,0.37849666,-0.3215467,0.492299
0.34920427,-0.40886415,0.528083,0.34387326,-0.36854488,0.519803,0.32387156,-0.39806929,0.522119,0.31107071,-0.36806817,0.514786,0.29655621,-0.3305603,0.49899,0.29140014,-0.30828527,0.494174,0.32045908,-0.31848272,0.507007,0.32248559,-0.28924311,0.517609,0.32341962,-0.27401478,0.52291,0.32422262,-0.25981736,0.527729,0.34764889,-0.32739265,0.512492,0.34817266,-0.28417085,0.497293,0.34384446,-0.2718426,0.488426,0.34485157,-0.28756535,0.498326,0.37007135,-0.33942622,0.517836,0.35531182,-0.33704165,0.502484,0.34026313,-0.34924882,0.49463,0.34305616,-0.36334674,0.504541,0.39619285,-0.3619957,0.525508,0.3898389,-0.32682589,0.511381,0.38292291,-0.31192624,0.50489,0.38149813,-0.31062639,0.499163
0.34203137,-0.4111775,0.524546,0.34459648,-0.37069004,0.522732,0.31945889,-0.39608782,0.518489,0.30872775,-0.36523924,0.511022,0.29314536,-0.32744564,0.493815,0.2890971,-0.3063805,0.490606,0.32326023,-0.32307385,0.513784,0.32397203,-0.2914685,0.521053,0.32450757,-0.27528221,0.524688,0.32510512,-0.26032403,0.527992,0.35162553,-0.33310739,0.521131,0.3491291,-0.2890242,0.511742,0.35200178,-0.2831408,0.506265,0.36088414,-0.303101,0.5177,0.37222421,-0.34564658,0.527361,0.37401966,-0.30631476,0.516737,0.37599496,-0.30396231,0.511301,0.384806,-0.32678498,0.522601,0.39744399,-0.36756062,0.534933,0.39510598,-0.36373965,0.524912,0.39418011,-0.36207317,0.520308,0.39176566,-0.37320667,0.516246
0.33838444,-0.40929538,0.521799,0.34281014,-0.36888719,0.521131,0.31547498,-0.39282269,0.5147,0.30640305,-0.35854397,0.510078,0.29526759,-0.32359113,0.493531,0.29852587,-0.30155291,0.490365,0.3217329,-0.32081811,0.511538,0.33013428,-0.28855894,0.52116,0.33448007,-0.27283762,0.52597,0.33844879,-0.25829318,0.530343,0.35086804,-0.33217808,0.520542,0.35463318,-0.29181969,0.51818,0.36098674,-0.28752673,0.516802,0.3716125,-0.30707944,0.529722,0.37430618,-0.3457412,0.528023,0.37462441,-0.30602774,0.517864,0.37710667,-0.30398209,0.512666,0.38606002,-0.32672538,0.523731,0.39848053,-0.36880344,0.536849,0.39559841,-0.36747443,0.527344,0.38941709,-0.38165536,0.522977,0.39331125,-0.39896588,0.53085
0.34773301,-0.4117461,0.530872,0.34646856,-0.37169729,0.525723,0.3209627,-0.3954754,0.521645,0.33220719,-0.36719291,0.525131,0.33164189,-0.33102702,0.511652,0.33794441,-0.30826786,0.509555,0.32505551,-0.32041707,0.510628,0.31468227,-0.30671078,0.495339,0.30947629,-0.29973179,0.487695,0.3077845,-0.31743847,0.496223,0.35233629,-0.33348836,0.521177,0.36233304,-0.29522143,0.520222,0.36352471,-0.28965458,0.519665,0.37330959,-0.30832554,0.53256,0.37611804,-0.34767937,0.530378,0.37604536,-0.30638316,0.516062,0.37470375,-0.30112164,0.508738,0.38152438,-0.32121175,0.517984,0.40526592,-0.37343376,0.541992,0.39743261,-0.36475537,0.5291,0.39249348,-0.37412044,0.523176,0.39784348,-0.39184222,0.529678
0.35392552,-0.41462588,0.532462,0.36185763,-0.37401619,0.528206,0.33403658,-0.40034147,0.522856,0.35073803,-0.37915452,0.528279,0.34421772,-0.34304853,0.514689,0.34963057,-0.32370524,0.51311,0.32770117,-0.32431282,0.513169,0.32116474,-0.31311484,0.498305,0.31744112,-0.30623261,0.490873,0.32006022,-0.32529407,0.499334,0.35861654,-0.33537445,0.524449,0.35180677,-0.29005454,0.512724,0.34984648,-0.26790348,0.505884,0.35732695,-0.25767223,0.515589,0.38689998,-0.34630993,0.534162,0.38817595,-0.30786921,0.520394,0.38194651,-0.31217699,0.51335,0.38562356,-0.32457104,0.522559,0.41937494,-0.36756601,0.546217,0.40650954,-0.36277201,0.533846,0.39818579,-0.37579916,0.528162,0.4024467,-0.39389557,0.534661
0.38737116,-0.44236603,0.556802,0.38209403,-0.39147244,0.539488,0.36905785,-0.43036427,0.549229,0.36819812,-0.40606684,0.538217,0.34919391,-0.37565616,0.523787,0.34624768,-0.35662209,0.52085,0.34298187,-0.34193646,0.519068,0.33091931,-0.34800584,0.496808,0.32493279,-0.35139137,0.485678,0.33522473,-0.37261387,0.492097,0.37144764,-0.3455291,0.524202,0.37204828,-0.30501566,0.523525,0.37257593,-0.28253329,0.523131,0.37300527,-0.26673911,0.522849,0.39642502,-0.35365811,0.530158,0.39093578,-0.32149258,0.509696,0.38826335,-0.30477899,0.499227,0.38594018,-0.28942836,0.489731,0.42817287,-0.37239883,0.540127,0.41556601,-0.34983484,0.520116,0.40981544,-0.33935587,0.510922,0.40476507,-0.3300442,0.502809
0.40665821,-0.42966429,0.544648,0.39560784,-0.37895281,0.535802,0.37886722,-0.41477688,0.534699,0.38503738,-0.38655968,0.531913,0.3858483,-0.35442342,0.516368,0.39753036,-0.33932248,0.519241,0.35427316,-0.33126406,0.517504,0.34785603,-0.32910234,0.499365,0.34481767,-0.32828967,0.490295,0.35046389,-0.35088213,0.497761,0.38603729,-0.33600043,0.527993,0.38216376,-0.29469698,0.525837,0.38494382,-0.28110193,0.52458,0.38739126,-0.27235149,0.523682,0.41369973,-0.34467261,0.537512,0.41182841,-0.31992415,0.520201,0.40968069,-0.31786027,0.511344,0.40450033,-0.32660145,0.503293,0.4485663,-0.36343481,0.550145,0.43217421,-0.33758984,0.534733,0.42459057,-0.32550123,0.527652,0.41786918,-0.31471224,0.521404
0.34549334,-0.41413087,0.528744,0.36132408,-0.35675822,0.51255,0.33278487,-0.39176975,0.525622,0.33977053,-0.35134356,0.520687,0.32871728,-0.32279211,0.51563,0.3365753,-0.30513625,0.515878,0.34922661,-0.30419166,0.498574,0.3631409,-0.27282607,0.502427,0.37021518,-0.25679254,0.504354,0.38216805,-0.25684207,0.519474,0.36982939,-0.3153332,0.498252,0.35107748,-0.29976797,0.476696,0.35484136,-0.33473221,0.497249,0.35994896,-0.35679548,0.511499,0.38621826,-0.32922717,0.499604,0.3931026,-0.29087237,0.490348,0.38982996,-0.2851024,0.485612,0.38273396,-0.28286705,0.481307,0.40441733,-0.35417884,0.504016,0.38433658,-0.3365199,0.486117,0.37023063,-0.3419182,0.477892,0.35784086,-0.34745491,0.470636
0.34541489,-0.41561939,0.528465,0.36133885,-0.36625883,0.510864,0.33495448,-0.39670387,0.524349,0.33987012,-0.36275924,0.51976,0.32931623,-0.33027251,0.511052,0.3367109,-0.31178475,0.509674,0.34673282,-0.31171686,0.494739,0.35670102,-0.27943203,0.495445,0.36181139,-0.26285333,0.495798,0.37215997,-0.26535892,0.51032,0.36816799,-0.32304636,0.495324,0.34781256,-0.30793662,0.472421,0.35181412,-0.34341461,0.492542,0.35770054,-0.36558004,0.507143,0.38548968,-0.33732204,0.497562,0.38816318,-0.29892853,0.487231,0.38655224,-0.29281764,0.481945,0.38221186,-0.28940443,0.47714,0.40517995,-0.36313609,0.503253,0.38584261,-0.34292113,0.484192,0.37165113,-0.34746211,0.475434,0.35734145,-0.34880173,0.467707
0.34040775,-0.40967395,0.520649,0.3591431,-0.36394385,0.508962,0.32787,-0.39063362,0.516875,0.34494563,-0.36740488,0.516972,0.32733459,-0.32893827,0.505012,0.33582203,-0.3118213,0.506912,0.34665964,-0.31200744,0.496909,0.35854796,-0.28081159,0.505227,0.36540725,-0.26524798,0.509386,0.37459096,-0.25225479,0.513168,0.36924633,-0.32395542,0.498644,0.36978834,-0.27748965,0.480764,0.38472117,-0.29692449,0.50239,0.38799396,-0.32115178,0.515645,0.38707087,-0.33838528,0.501238,0.38563377,-0.29763527,0.487981,0.38382918,-0.2912686,0.481198,0.37534455,-0.29783291,0.475032,0.40649739,-0.36361961,0.506308,0.39708913,-0.34267522,0.490791,0.38617285,-0.34593117,0.483661,0.37547922,-0.35067609,0.477371
0.33982736,-0.4067568,0.517129,0.3578057,-0.35979457,0.507482,0.32874256,-0.3878054,0.513032,0.34358858,-0.36552265,0.514856,0.32468931,-0.32734406,0.50163,0.33419845,-0.3110009,0.503088,0.34351037,-0.30971742,0.496262,0.356612,-0.2797837,0.505253,0.36327268,-0.26426394,0.509749,0.36939905,-0.24984557,0.513836,0.36728947,-0.3216079,0.498965,0.36981531,-0.27704772,0.482794,0.38521738,-0.29674031,0.504739,0.38845386,-0.32087043,0.517476,0.38674967,-0.33423781,0.502154,0.38271367,-0.29255524,0.486674,0.3788098,-0.28618726,0.478753,0.37407499,-0.29026466,0.471553,0.40669242,-0.3593958,0.507558,0.40196046,-0.33684115,0.493157,0.39310731,-0.33934855,0.486541,0.38407517,-0.3437413,0.480703
0.34233278,-0.40707403,0.517936,0.35786819,-0.35963828,0.507466,0.32906643,-0.38785199,0.513279,0.34195727,-0.36440471,0.51291,0.3209791,-0.3259717,0.497073,0.32928506,-0.30899079,0.497004,0.34257258,-0.30831948,0.495017,0.35575103,-0.27867841,0.504539,0.36245125,-0.26327323,0.5093,0.36861669,-0.24894122,0.513629,0.36752994,-0.31907686,0.498222,0.36834237,-0.27575752,0.481259,0.38331165,-0.29622196,0.502978,0.38675929,-0.32062568,0.515931,0.38647777,-0.33379875,0.501906,0.38179263,-0.29174648,0.48558,0.37743891,-0.28594743,0.477228,0.37056674,-0.29240448,0.469634,0.40723574,-0.3592752,0.508031,0.40110868,-0.33748073,0.492951,0.39189208,-0.33974679,0.486023,0.38274527,-0.34359923,0.47991
0.35242685,-0.41010576,0.520753,0.36223853,-0.36264615,0.512366,0.3316998,-0.38932462,0.515273,0.3375073,-0.36053383,0.5076,0.31342749,-0.32279871,0.491105,0.31230972,-0.30474751,0.489255,0.3469679,-0.30989256,0.500132,0.35546477,-0.27883504,0.507341,0.36043645,-0.26260447,0.510945,0.36499838,-0.24759756,0.514222,0.37260322,-0.32170695,0.504962,0.37087595,-0.27340717,0.489719,0.36900261,-0.25940329,0.480827,0.37641022,-0.27467033,0.490797,0.39363583,-0.3357068,0.509776,0.38703044,-0.29339653,0.49456,0.38398878,-0.28985774,0.486775,0.37844643,-0.2989901,0.479698,0.41887249,-0.35633644,0.516852,0.40809934,-0.32325742,0.502797,0.40524163,-0.32352359,0.496339,0.39889896,-0.32415002,0.490642
0.35355051,-0.41044306,0.521573,0.36263187,-0.36234726,0.512429,0.33302872,-0.38995704,0.516139,0.33476502,-0.35957987,0.508502,0.31033766,-0.3239831,0.492393,0.31092487,-0.30475792,0.489304,0.34540837,-0.31063077,0.499789,0.35300887,-0.2786294,0.508819,0.35729072,-0.26274111,0.513334,0.36120173,-0.2480078,0.517439,0.37175589,-0.32095662,0.504356,0.36874099,-0.27321454,0.488452,0.36610299,-0.26034746,0.479175,0.37290526,-0.27646546,0.488941,0.39272591,-0.33448057,0.509029,0.38381857,-0.28963372,0.49329,0.38019643,-0.2852143,0.485238,0.37634393,-0.29707359,0.477917,0.41722432,-0.35565733,0.516073,0.40574363,-0.32324937,0.501564,0.40068368,-0.32556972,0.494897,0.39782177,-0.32503627,0.489015
0.35383626,-0.41008617,0.521703,0.36262184,-0.36188236,0.51217,0.33361326,-0.38893392,0.516167,0.33357717,-0.35977644,0.509035,0.30959656,-0.32455619,0.492879,0.30991243,-0.30528864,0.489964,0.34398378,-0.30961537,0.499159,0.35168021,-0.27845287,0.508514,0.35593449,-0.26265538,0.513191,0.35981947,-0.2479956,0.517444,0.37082935,-0.32026881,0.503752,0.36699102,-0.27268729,0.487496,0.36252436,-0.26129241,0.478014,0.37056365,-0.27649739,0.48765,0.39202652,-0.3326091,0.508486,0.38224274,-0.28936459,0.492424,0.37840244,-0.28542998,0.484206,0.37473629,-0.29676536,0.476735,0.41628522,-0.35500999,0.515669,0.40432783,-0.3227638,0.500891,0.40101695,-0.32360073,0.494101,0.39692854,-0.32516936,0.48811
0.35281123,-0.40945645,0.522193,0.36261177,-0.36155138,0.512028,0.3344098,-0.3894305,0.516634,0.33215248,-0.36092566,0.507739,0.30668282,-0.32504294,0.492022,0.30623784,-0.30577668,0.489052,0.34308309,-0.3092052,0.498599,0.34954317,-0.27828096,0.508221,0.35365935,-0.26255935,0.513032,0.35872152,-0.24796803,0.517406,0.36927508,-0.31978281,0.503053,0.36526511,-0.27192388,0.486243,0.36059079,-0.2602376,0.476437,0.36679111,-0.27711006,0.485886,0.39095071,-0.33177888,0.507735,0.38074426,-0.28942881,0.491212,0.375051,-0.28894672,0.482759,0.37131892,-0.30012149,0.475074,0.41529617,-0.35420881,0.514968,0.40283028,-0.32190206,0.499796,0.39935863,-0.32270192,0.492825,0.39649294,-0.32583312,0.486674
0.35245284,-0.4085966,0.521512,0.36275251,-0.36155585,0.512524,0.33411934,-0.3889194,0.516183,0.33239148,-0.36209838,0.508928,0.30620581,-0.32556535,0.492194,0.30512094,-0.30583834,0.488487,0.34365337,-0.30983232,0.500115,0.35099959,-0.27865587,0.509334,0.35515651,-0.26285921,0.513944,0.3589771,-0.24820349,0.518134,0.36946954,-0.3191893,0.504589,0.36686232,-0.27347811,0.488834,0.36298105,-0.26192667,0.479644,0.37063558,-0.27794661,0.489474,0.39097002,-0.33183278,0.509169,0.38100807,-0.29558539,0.493589,0.37620915,-0.3073004,0.485618,0.36916914,-0.31930836,0.478371,0.41462923,-0.35463502,0.516078,0.39603049,-0.34943567,0.501696,0.37915304,-0.3545745,0.495088,0.37885281,-0.36376647,0.501958
